{"cameraMode":{"drawMode":0,"name":"Shaded","section":"Shading Mode"},"sceneLighting":true,"audioPlay":false,"sceneViewState":{"m_AlwaysRefresh":false,"showFog":true,"showSkybox":true,"showFlares":true,"showImageEffects":true,"showParticleSystems":true,"showVisualEffectGraphs":true,"m_FxEnabled":true},"in2DMode":false,"pivot":{"x":0.8042029738426209,"y":1.3859502077102662,"z":-0.9813544750213623},"rotation":{"x":-0.04439094290137291,"y":0.9506243467330933,"z":-0.16152724623680116,"w":-0.26125046610832217},"size":3.718538522720337,"orthographic":false}