{"cameraMode":{"drawMode":0,"name":"Shaded","section":"Shading Mode"},"sceneLighting":true,"audioPlay":false,"sceneViewState":{"m_AlwaysRefresh":false,"showFog":true,"showSkybox":true,"showFlares":true,"showImageEffects":true,"showParticleSystems":true,"showVisualEffectGraphs":true,"m_FxEnabled":true},"in2DMode":false,"pivot":{"x":8.705860137939454,"y":1.0467109680175782,"z":-4.791145324707031},"rotation":{"x":-0.09402541071176529,"y":0.8986758589744568,"z":-0.23657624423503877,"w":-0.35717150568962099},"size":3.0012552738189699,"orthographic":false}