{"cameraMode":{"drawMode":0,"name":"Shaded","section":"Shading Mode"},"sceneLighting":true,"audioPlay":false,"sceneViewState":{"m_AlwaysRefresh":false,"showFog":true,"showSkybox":true,"showFlares":true,"showImageEffects":true,"showParticleSystems":true,"showVisualEffectGraphs":true,"m_FxEnabled":true},"in2DMode":false,"pivot":{"x":0.10414746403694153,"y":1.6643998622894288,"z":1.9647564888000489},"rotation":{"x":0.1071302518248558,"y":-0.7569872736930847,"z":0.12838372588157655,"w":0.6316701769828796},"size":3.2005293369293215,"orthographic":false}