{"cameraMode":{"drawMode":0,"name":"Shaded","section":"Shading Mode"},"sceneLighting":false,"audioPlay":false,"sceneViewState":{"m_AlwaysRefresh":false,"showFog":true,"showSkybox":false,"showFlares":true,"showImageEffects":true,"showParticleSystems":true,"showVisualEffectGraphs":true,"m_FxEnabled":true},"in2DMode":false,"pivot":{"x":-0.002483367919921875,"y":-0.15381205081939698,"z":-0.032541513442993167},"rotation":{"x":-0.09714644402265549,"y":0.8624351620674133,"z":-0.1811269372701645,"w":-0.4625627398490906},"size":2.7818548679351808,"orthographic":false}